{
	"partitions" : [
		{
			"name" : "Top",
			"pins" : [
				{
					"name" : "LEDR[0]",
					"strict" : false
				},
				{
					"name" : "LEDR[1]",
					"strict" : false
				},
				{
					"name" : "LEDR[2]",
					"strict" : false
				},
				{
					"name" : "HEX5[6]",
					"strict" : false
				},
				{
					"name" : "HEX4[0]",
					"strict" : false
				},
				{
					"name" : "HEX4[1]",
					"strict" : false
				},
				{
					"name" : "HEX4[2]",
					"strict" : false
				},
				{
					"name" : "HEX4[3]",
					"strict" : false
				},
				{
					"name" : "HEX4[4]",
					"strict" : false
				},
				{
					"name" : "HEX4[5]",
					"strict" : false
				},
				{
					"name" : "HEX4[6]",
					"strict" : false
				},
				{
					"name" : "HEX1[6]",
					"strict" : false
				},
				{
					"name" : "HEX0[0]",
					"strict" : false
				},
				{
					"name" : "HEX0[1]",
					"strict" : false
				},
				{
					"name" : "HEX0[2]",
					"strict" : false
				},
				{
					"name" : "HEX0[3]",
					"strict" : false
				},
				{
					"name" : "HEX0[4]",
					"strict" : false
				},
				{
					"name" : "HEX0[5]",
					"strict" : false
				},
				{
					"name" : "HEX0[6]",
					"strict" : false
				},
				{
					"name" : "input1[0]",
					"strict" : false
				},
				{
					"name" : "input1[1]",
					"strict" : false
				},
				{
					"name" : "input1[2]",
					"strict" : false
				},
				{
					"name" : "input1[3]",
					"strict" : false
				},
				{
					"name" : "input2[0]",
					"strict" : false
				},
				{
					"name" : "input2[1]",
					"strict" : false
				},
				{
					"name" : "input2[2]",
					"strict" : false
				},
				{
					"name" : "input2[3]",
					"strict" : false
				},
				{
					"name" : "select[0]",
					"strict" : false
				},
				{
					"name" : "select[1]",
					"strict" : false
				},
				{
					"name" : "select[2]",
					"strict" : false
				},
				{
					"name" : "select[3]",
					"strict" : false
				},
				{
					"name" : "LEDR[0]__duplicate",
					"strict" : false
				},
				{
					"name" : "LEDR[1]__duplicate",
					"strict" : false
				},
				{
					"name" : "LEDR[2]__duplicate",
					"strict" : false
				},
				{
					"name" : "SW[7]",
					"strict" : false
				},
				{
					"name" : "SW[8]",
					"strict" : false
				},
				{
					"name" : "SW[9]",
					"strict" : false
				},
				{
					"name" : "SW[6]",
					"strict" : false
				},
				{
					"name" : "SW[4]",
					"strict" : false
				},
				{
					"name" : "SW[5]",
					"strict" : false
				},
				{
					"name" : "SW[3]",
					"strict" : false
				},
				{
					"name" : "SW[2]",
					"strict" : false
				},
				{
					"name" : "SW[0]",
					"strict" : false
				},
				{
					"name" : "SW[1]",
					"strict" : false
				}
			]
		}
	]
}